name,phone,email
Ciaran Hyde,(644) 767-5195,in.consequat@hotmail.edu
Barbara Chambers,(212) 772-1404,quam.pellentesque@outlook.ca
Felix Cain,1-354-654-6513,quis.accumsan@protonmail.couk
Whoopi Burch,(951) 448-2671,at.fringilla.purus@icloud.org
Pascale Ratliff,(704) 635-7168,ultricies.sem@icloud.net
Drew Hudson,1-883-667-2082,adipiscing@aol.com
Dane Bryant,(842) 347-3286,ante.bibendum.ullamcorper@aol.com
Salvador Larsen,1-368-136-4438,rhoncus@yahoo.org
Hoyt Osborn,1-870-568-2877,bibendum@google.edu
Benjamin Stone,1-462-222-3467,molestie.pharetra.nibh@google.com
Edan Lamb,(854) 786-6887,lectus@hotmail.edu
Britanni Freeman,(147) 582-1457,at.augue.id@hotmail.ca
Austin Duffy,1-353-176-8731,dis.parturient.montes@protonmail.net
Fritz Buchanan,1-711-675-9969,curabitur.massa.vestibulum@protonmail.net
Maisie Sampson,1-722-747-1421,nec.tellus@yahoo.ca
Serina Payne,(128) 373-7814,est.congue.a@yahoo.ca
Elliott Douglas,1-861-884-7412,dui@yahoo.net
Gregory Logan,(144) 617-2433,in@aol.ca
Jada Bates,1-207-313-3333,dictum@google.ca
Kane Ellison,(651) 213-8516,etiam.gravida.molestie@protonmail.edu
Carl Vincent,1-198-125-6146,arcu@outlook.edu
Audra Cox,(611) 524-8477,suspendisse.sed@protonmail.couk
Ali Hopper,(640) 541-0352,lacus@outlook.com
Ivana Cooke,1-558-755-7451,etiam.gravida.molestie@icloud.org
Mark Becker,(722) 423-5312,ipsum.suspendisse.non@outlook.com
Karina Hunter,1-833-152-5128,convallis.ligula@icloud.ca
Kiayada Trevino,1-135-756-0772,proin.sed.turpis@google.org
Oren Keller,1-446-206-5167,erat.volutpat@hotmail.edu
Eugenia Russell,1-888-383-4812,tempor@protonmail.couk
Dominique Reed,(387) 736-8809,sociis.natoque@outlook.org
Wade Johnston,1-342-475-9350,lacus@protonmail.ca
Nicholas Alford,(556) 438-1811,quam.pellentesque@outlook.couk
Martena Irwin,(877) 737-4823,in@google.com
Chester Henry,1-793-333-5972,ante.dictum@hotmail.org
Quamar Klein,1-617-402-6750,leo@google.edu
Hilel Nixon,(428) 426-8134,facilisis@hotmail.edu
Graham Morrow,1-647-889-4051,neque.nullam@protonmail.ca
Isabella Howell,(744) 700-4405,nulla.eu@icloud.com
Zachary Baird,(886) 516-6288,ridiculus.mus@outlook.org
Plato Bradley,1-443-636-8061,libero.dui@google.ca
Clare Murray,1-580-301-1636,at.nisi@hotmail.couk
Cairo Lindsay,(697) 144-8098,morbi@aol.couk
Yen Nichols,1-471-365-3324,eros.turpis.non@aol.org
Eric Moon,(834) 643-9411,sed.sem.egestas@protonmail.edu
Hayley Merritt,(224) 547-0612,metus@aol.couk
Ulla Blankenship,(388) 486-3772,vestibulum.ante@outlook.edu
Perry Murphy,(746) 266-5215,nonummy@outlook.couk
Cameron Conrad,(170) 512-5114,ultrices.a.auctor@protonmail.net
Keith Chen,1-257-945-7893,sollicitudin@hotmail.couk
Lee Burke,(143) 722-1036,risus@hotmail.com
Drake Delacruz,1-684-195-2076,nulla.interdum@icloud.couk
Yoko Duran,1-804-295-6123,laoreet@icloud.ca
Cailin Sellers,1-437-611-9396,est@protonmail.org
Yvette Walters,1-238-267-5183,lorem@yahoo.com
Alma Fuentes,(462) 826-8401,elementum.lorem@aol.net
Bo Dickerson,1-426-473-6115,augue.ut.lacus@icloud.org
Indigo Barry,1-152-342-1225,lectus.rutrum@protonmail.org
Ayanna Maxwell,(423) 394-4767,arcu.vestibulum@protonmail.com
Ursa Gay,1-477-489-7286,ridiculus.mus.aenean@icloud.ca
Galvin Parks,(973) 579-1453,est.vitae@google.com
Inga O'connor,1-513-251-6742,felis.adipiscing@google.org
Peter Espinoza,1-467-512-6061,blandit.at@yahoo.net
Erin Foreman,(873) 487-0426,vehicula.risus@hotmail.couk
Cheyenne Stevenson,(503) 726-3625,phasellus.dolor@aol.org
Zeus Mccormick,1-617-103-9502,ante.blandit@yahoo.org
Basil Powers,1-363-823-9763,hendrerit@icloud.net
Jade Jacobson,1-173-683-2026,est@aol.com
Urielle Burgess,(522) 658-3846,malesuada@aol.edu
Penelope Haynes,(218) 996-2685,dapibus@protonmail.edu
Calvin Morris,1-744-682-7887,quis@hotmail.com
Astra Michael,(118) 757-7441,cursus.et@google.net
Medge Kelley,(867) 835-7318,sem@icloud.org
Demetrius Head,(341) 284-5338,ridiculus@aol.ca
Madison Blake,1-795-481-1464,convallis.ante.lectus@aol.net
Jacob Duncan,1-133-458-1831,nunc.sed@hotmail.edu
Cade Farrell,(519) 176-5414,quisque.libero@google.net
Bryar Wade,1-387-638-6569,lobortis.class@hotmail.ca
Zia Riley,1-873-356-6278,lacinia.at.iaculis@aol.com
Colton Merritt,1-755-948-3373,felis.donec@google.edu
Giselle Sandoval,1-702-564-3515,commodo.auctor.velit@icloud.com
Graiden Phillips,1-712-919-3647,mauris.aliquam.eu@aol.org
Salvador Delaney,(357) 698-3131,nunc@hotmail.net
Macaulay Francis,1-344-307-6467,lorem.ipsum.sodales@yahoo.net
Willow Villarreal,1-517-268-2052,cursus.et.eros@google.org
Quin Shaffer,(358) 680-0731,est.ac@hotmail.net
Gabriel Cabrera,1-555-107-7259,cubilia@yahoo.edu
Sawyer Willis,(451) 476-6118,metus.in@outlook.ca
Phelan Reilly,(734) 652-0765,pellentesque@outlook.net
Shay Cameron,(589) 715-8928,parturient@hotmail.couk
Shafira Mcclain,1-151-557-0790,vitae@yahoo.net
Adrienne Rasmussen,1-736-733-4455,placerat.augue@icloud.org
Ahmed Evans,1-494-802-5632,ac.urna@google.net
Serena Hodge,(547) 478-4526,integer.sem@outlook.org
Sigourney Francis,1-172-175-7080,sem.nulla@yahoo.ca
Blythe Pacheco,1-284-744-6816,nunc@google.ca
Colleen Norton,1-238-208-0853,enim.etiam@yahoo.ca
Cherokee Kirkland,1-517-756-6064,vitae.dolor.donec@aol.org
Wanda Randall,1-326-834-3474,lectus.ante@aol.com
Aladdin Daniels,1-172-655-6684,mi.duis@hotmail.edu
Mira Sharpe,(533) 461-7182,sed@outlook.ca
