POST_ID,PLATFORM,POST_DATE,CONTENT,ENGAGEMENT_SCORE,SENTIMENT,REGION
SM18_001,Facebook,2018-12-05,"Holiday pets + safety with PetTracker",72,Positive,North America
SM19_001,Twitter,2019-11-20,"Training wins with SmartCollar",65,Positive,Europe
SM20_001,Instagram,2020-06-10,"Vet praises HealthMonitor data",80,Positive,North America
SM21_001,Facebook,2021-09-14,"Customer story: weekend hike with PetTracker",70,Positive,Asia Pacific
SM22_001,Instagram,2022-12-02,"Night walks safer with SmartCollar",78,Positive,Europe
SM23_001,Twitter,2023-11-24,"Black Friday success across regions",68,Positive,North America
SM24Q4_001,Facebook,2024-11-12,"EMEA customers asking about SmartCollar battery life",40,Negative,Europe
SM24Q4_002,Twitter,2024-12-03,"Support tips to extend SmartCollar battery",55,Neutral,Europe
SM25_001,Instagram,2025-01-10,"Firmware fix improving SmartCollar battery in EMEA",82,Positive,Europe
